{"cameraMode":{"drawMode":0,"name":"Shaded","section":"Shading Mode"},"sceneLighting":true,"audioPlay":false,"sceneViewState":{"showFog":true,"showMaterialUpdate":false,"showSkybox":true,"showFlares":true,"showImageEffects":true,"showParticleSystems":true},"in2DMode":false,"pivot":{"x":3.3008193969726564,"y":-7.626888275146484,"z":7.465854167938232},"rotation":{"x":-0.2731066942214966,"y":0.7164144515991211,"z":-0.3759932518005371,"w":-0.5203770399093628},"size":65.99694061279297,"orthographic":false}