{"cameraMode":{"drawMode":0,"name":"Shaded","section":"Shading Mode"},"sceneLighting":true,"audioPlay":false,"sceneViewState":{"showFog":true,"showMaterialUpdate":false,"showSkybox":true,"showFlares":true,"showImageEffects":true,"showParticleSystems":true},"in2DMode":false,"pivot":{"x":-34.2513427734375,"y":-16.727455139160158,"z":-43.93682861328125},"rotation":{"x":-0.04181480035185814,"y":0.9461359977722168,"z":-0.13604417443275453,"w":-0.2908094823360443},"size":95.60651397705078,"orthographic":false}