{"cameraMode":{"drawMode":0,"name":"Shaded","section":"Shading Mode"},"sceneLighting":false,"audioPlay":false,"sceneViewState":{"showFog":true,"showMaterialUpdate":false,"showSkybox":false,"showFlares":true,"showImageEffects":true,"showParticleSystems":true},"in2DMode":false,"pivot":{"x":-12.200631141662598,"y":2.9729678630828859,"z":17.474699020385743},"rotation":{"x":-0.47108563780784609,"y":0.5283393263816834,"z":-0.4822382926940918,"w":-0.5161222219467163},"size":14.330768585205079,"orthographic":true}